,mutant,mutated_sequence,DMS_score,DMS_score_bin
1103,L96Q,MQFKVYTYKRESRYRLFVDVQSDIIDTPGRRMVIPLASARLLSDKVSRELYPVVHIGDESWRMMTTDMASVPVSVIGEEVADLSHRENDIKNAINQMFWGI,-8.0,1
242,I24P,MQFKVYTYKRESRYRLFVDVQSDPIDTPGRRMVIPLASARLLSDKVSRELYPVVHIGDESWRMMTTDMASVPVSVIGEEVADLSHRENDIKNAINLMFWGI,-65.0,0
192,V20A,MQFKVYTYKRESRYRLFVDAQSDIIDTPGRRMVIPLASARLLSDKVSRELYPVVHIGDESWRMMTTDMASVPVSVIGEEVADLSHRENDIKNAINLMFWGI,-60.0,0
903,E79C,MQFKVYTYKRESRYRLFVDVQSDIIDTPGRRMVIPLASARLLSDKVSRELYPVVHIGDESWRMMTTDMASVPVSVIGECVADLSHRENDIKNAINLMFWGI,-1.0,1
780,S70I,MQFKVYTYKRESRYRLFVDVQSDIIDTPGRRMVIPLASARLLSDKVSRELYPVVHIGDESWRMMTTDMAIVPVSVIGEEVADLSHRENDIKNAINLMFWGI,-7.0,1
1046,N92Q,MQFKVYTYKRESRYRLFVDVQSDIIDTPGRRMVIPLASARLLSDKVSRELYPVVHIGDESWRMMTTDMASVPVSVIGEEVADLSHRENDIKQAINLMFWGI,-9.0,1
1089,N95K,MQFKVYTYKRESRYRLFVDVQSDIIDTPGRRMVIPLASARLLSDKVSRELYPVVHIGDESWRMMTTDMASVPVSVIGEEVADLSHRENDIKNAIKLMFWGI,-44.0,0
897,E79D,MQFKVYTYKRESRYRLFVDVQSDIIDTPGRRMVIPLASARLLSDKVSRELYPVVHIGDESWRMMTTDMASVPVSVIGEDVADLSHRENDIKNAINLMFWGI,-1.0,1
1079,I94Q,MQFKVYTYKRESRYRLFVDVQSDIIDTPGRRMVIPLASARLLSDKVSRELYPVVHIGDESWRMMTTDMASVPVSVIGEEVADLSHRENDIKNAQNLMFWGI,-57.0,0
782,S70L,MQFKVYTYKRESRYRLFVDVQSDIIDTPGRRMVIPLASARLLSDKVSRELYPVVHIGDESWRMMTTDMALVPVSVIGEEVADLSHRENDIKNAINLMFWGI,-7.0,1
1158,G100P,MQFKVYTYKRESRYRLFVDVQSDIIDTPGRRMVIPLASARLLSDKVSRELYPVVHIGDESWRMMTTDMASVPVSVIGEEVADLSHRENDIKNAINLMFWPI,-87.0,0
58,Y6H,MQFKVHTYKRESRYRLFVDVQSDIIDTPGRRMVIPLASARLLSDKVSRELYPVVHIGDESWRMMTTDMASVPVSVIGEEVADLSHRENDIKNAINLMFWGI,-60.0,0
551,E49C,MQFKVYTYKRESRYRLFVDVQSDIIDTPGRRMVIPLASARLLSDKVSRCLYPVVHIGDESWRMMTTDMASVPVSVIGEEVADLSHRENDIKNAINLMFWGI,-1.0,1
428,A39H,MQFKVYTYKRESRYRLFVDVQSDIIDTPGRRMVIPLASHRLLSDKVSRELYPVVHIGDESWRMMTTDMASVPVSVIGEEVADLSHRENDIKNAINLMFWGI,-14.0,1
656,I56E,MQFKVYTYKRESRYRLFVDVQSDIIDTPGRRMVIPLASARLLSDKVSRELYPVVHEGDESWRMMTTDMASVPVSVIGEEVADLSHRENDIKNAINLMFWGI,-33.0,0
993,E87M,MQFKVYTYKRESRYRLFVDVQSDIIDTPGRRMVIPLASARLLSDKVSRELYPVVHIGDESWRMMTTDMASVPVSVIGEEVADLSHRMNDIKNAINLMFWGI,-21.0,0
427,A39K,MQFKVYTYKRESRYRLFVDVQSDIIDTPGRRMVIPLASKRLLSDKVSRELYPVVHIGDESWRMMTTDMASVPVSVIGEEVADLSHRENDIKNAINLMFWGI,-14.0,1
650,I56K,MQFKVYTYKRESRYRLFVDVQSDIIDTPGRRMVIPLASARLLSDKVSRELYPVVHKGDESWRMMTTDMASVPVSVIGEEVADLSHRENDIKNAINLMFWGI,-33.0,0
940,L83R,MQFKVYTYKRESRYRLFVDVQSDIIDTPGRRMVIPLASARLLSDKVSRELYPVVHIGDESWRMMTTDMASVPVSVIGEEVADRSHRENDIKNAINLMFWGI,-64.0,0
1163,I101S,MQFKVYTYKRESRYRLFVDVQSDIIDTPGRRMVIPLASARLLSDKVSRELYPVVHIGDESWRMMTTDMASVPVSVIGEEVADLSHRENDIKNAINLMFWGS,-31.0,0
274,D26A,MQFKVYTYKRESRYRLFVDVQSDIIATPGRRMVIPLASARLLSDKVSRELYPVVHIGDESWRMMTTDMASVPVSVIGEEVADLSHRENDIKNAINLMFWGI,-9.0,1
1060,A93T,MQFKVYTYKRESRYRLFVDVQSDIIDTPGRRMVIPLASARLLSDKVSRELYPVVHIGDESWRMMTTDMASVPVSVIGEEVADLSHRENDIKNTINLMFWGI,-48.0,0
121,R13C,MQFKVYTYKRESCYRLFVDVQSDIIDTPGRRMVIPLASARLLSDKVSRELYPVVHIGDESWRMMTTDMASVPVSVIGEEVADLSHRENDIKNAINLMFWGI,-1.0,1
1038,N92F,MQFKVYTYKRESRYRLFVDVQSDIIDTPGRRMVIPLASARLLSDKVSRELYPVVHIGDESWRMMTTDMASVPVSVIGEEVADLSHRENDIKFAINLMFWGI,-9.0,1
360,I34N,MQFKVYTYKRESRYRLFVDVQSDIIDTPGRRMVNPLASARLLSDKVSRELYPVVHIGDESWRMMTTDMASVPVSVIGEEVADLSHRENDIKNAINLMFWGI,-55.0,0
87,R10K,MQFKVYTYKKESRYRLFVDVQSDIIDTPGRRMVIPLASARLLSDKVSRELYPVVHIGDESWRMMTTDMASVPVSVIGEEVADLSHRENDIKNAINLMFWGI,-32.0,0
0,Q2M,MMFKVYTYKRESRYRLFVDVQSDIIDTPGRRMVIPLASARLLSDKVSRELYPVVHIGDESWRMMTTDMASVPVSVIGEEVADLSHRENDIKNAINLMFWGI,-66.0,0
1054,A93G,MQFKVYTYKRESRYRLFVDVQSDIIDTPGRRMVIPLASARLLSDKVSRELYPVVHIGDESWRMMTTDMASVPVSVIGEEVADLSHRENDIKNGINLMFWGI,-48.0,0
388,L36Y,MQFKVYTYKRESRYRLFVDVQSDIIDTPGRRMVIPYASARLLSDKVSRELYPVVHIGDESWRMMTTDMASVPVSVIGEEVADLSHRENDIKNAINLMFWGI,-86.0,0
490,D44Q,MQFKVYTYKRESRYRLFVDVQSDIIDTPGRRMVIPLASARLLSQKVSRELYPVVHIGDESWRMMTTDMASVPVSVIGEEVADLSHRENDIKNAINLMFWGI,-1.0,1
929,L83C,MQFKVYTYKRESRYRLFVDVQSDIIDTPGRRMVIPLASARLLSDKVSRELYPVVHIGDESWRMMTTDMASVPVSVIGEEVADCSHRENDIKNAINLMFWGI,-64.0,0
266,D26P,MQFKVYTYKRESRYRLFVDVQSDIIPTPGRRMVIPLASARLLSDKVSRELYPVVHIGDESWRMMTTDMASVPVSVIGEEVADLSHRENDIKNAINLMFWGI,-9.0,1
751,T66D,MQFKVYTYKRESRYRLFVDVQSDIIDTPGRRMVIPLASARLLSDKVSRELYPVVHIGDESWRMMTDDMASVPVSVIGEEVADLSHRENDIKNAINLMFWGI,-36.0,0
574,L50Y,MQFKVYTYKRESRYRLFVDVQSDIIDTPGRRMVIPLASARLLSDKVSREYYPVVHIGDESWRMMTTDMASVPVSVIGEEVADLSHRENDIKNAINLMFWGI,-42.0,0
229,S22M,MQFKVYTYKRESRYRLFVDVQMDIIDTPGRRMVIPLASARLLSDKVSRELYPVVHIGDESWRMMTTDMASVPVSVIGEEVADLSHRENDIKNAINLMFWGI,-61.0,0
529,S47G,MQFKVYTYKRESRYRLFVDVQSDIIDTPGRRMVIPLASARLLSDKVGRELYPVVHIGDESWRMMTTDMASVPVSVIGEEVADLSHRENDIKNAINLMFWGI,-15.0,1
821,V73H,MQFKVYTYKRESRYRLFVDVQSDIIDTPGRRMVIPLASARLLSDKVSRELYPVVHIGDESWRMMTTDMASVPHSVIGEEVADLSHRENDIKNAINLMFWGI,-23.0,0
647,I56C,MQFKVYTYKRESRYRLFVDVQSDIIDTPGRRMVIPLASARLLSDKVSRELYPVVHCGDESWRMMTTDMASVPVSVIGEEVADLSHRENDIKNAINLMFWGI,-33.0,0
459,L41C,MQFKVYTYKRESRYRLFVDVQSDIIDTPGRRMVIPLASARCLSDKVSRELYPVVHIGDESWRMMTTDMASVPVSVIGEEVADLSHRENDIKNAINLMFWGI,-18.0,1
927,D82F,MQFKVYTYKRESRYRLFVDVQSDIIDTPGRRMVIPLASARLLSDKVSRELYPVVHIGDESWRMMTTDMASVPVSVIGEEVAFLSHRENDIKNAINLMFWGI,-11.0,1
666,G57P,MQFKVYTYKRESRYRLFVDVQSDIIDTPGRRMVIPLASARLLSDKVSRELYPVVHIPDESWRMMTTDMASVPVSVIGEEVADLSHRENDIKNAINLMFWGI,-20.0,0
1013,D89T,MQFKVYTYKRESRYRLFVDVQSDIIDTPGRRMVIPLASARLLSDKVSRELYPVVHIGDESWRMMTTDMASVPVSVIGEEVADLSHRENTIKNAINLMFWGI,-10.0,1
457,L41P,MQFKVYTYKRESRYRLFVDVQSDIIDTPGRRMVIPLASARPLSDKVSRELYPVVHIGDESWRMMTTDMASVPVSVIGEEVADLSHRENDIKNAINLMFWGI,-18.0,1
1090,N95S,MQFKVYTYKRESRYRLFVDVQSDIIDTPGRRMVIPLASARLLSDKVSRELYPVVHIGDESWRMMTTDMASVPVSVIGEEVADLSHRENDIKNAISLMFWGI,-44.0,0
748,T66R,MQFKVYTYKRESRYRLFVDVQSDIIDTPGRRMVIPLASARLLSDKVSRELYPVVHIGDESWRMMTRDMASVPVSVIGEEVADLSHRENDIKNAINLMFWGI,-36.0,0
850,V75G,MQFKVYTYKRESRYRLFVDVQSDIIDTPGRRMVIPLASARLLSDKVSRELYPVVHIGDESWRMMTTDMASVPVSGIGEEVADLSHRENDIKNAINLMFWGI,-18.0,1
91,E11T,MQFKVYTYKRTSRYRLFVDVQSDIIDTPGRRMVIPLASARLLSDKVSRELYPVVHIGDESWRMMTTDMASVPVSVIGEEVADLSHRENDIKNAINLMFWGI,-1.0,1
29,K4M,MQFMVYTYKRESRYRLFVDVQSDIIDTPGRRMVIPLASARLLSDKVSRELYPVVHIGDESWRMMTTDMASVPVSVIGEEVADLSHRENDIKNAINLMFWGI,-38.0,0
86,R10L,MQFKVYTYKLESRYRLFVDVQSDIIDTPGRRMVIPLASARLLSDKVSRELYPVVHIGDESWRMMTTDMASVPVSVIGEEVADLSHRENDIKNAINLMFWGI,-32.0,0
635,H55V,MQFKVYTYKRESRYRLFVDVQSDIIDTPGRRMVIPLASARLLSDKVSRELYPVVVIGDESWRMMTTDMASVPVSVIGEEVADLSHRENDIKNAINLMFWGI,-8.0,1
777,A69P,MQFKVYTYKRESRYRLFVDVQSDIIDTPGRRMVIPLASARLLSDKVSRELYPVVHIGDESWRMMTTDMPSVPVSVIGEEVADLSHRENDIKNAINLMFWGI,-30.0,0
431,A39C,MQFKVYTYKRESRYRLFVDVQSDIIDTPGRRMVIPLASCRLLSDKVSRELYPVVHIGDESWRMMTTDMASVPVSVIGEEVADLSHRENDIKNAINLMFWGI,-14.0,1
851,V75P,MQFKVYTYKRESRYRLFVDVQSDIIDTPGRRMVIPLASARLLSDKVSRELYPVVHIGDESWRMMTTDMASVPVSPIGEEVADLSHRENDIKNAINLMFWGI,-18.0,1
1172,I101V,MQFKVYTYKRESRYRLFVDVQSDIIDTPGRRMVIPLASARLLSDKVSRELYPVVHIGDESWRMMTTDMASVPVSVIGEEVADLSHRENDIKNAINLMFWGV,-31.0,0
1117,M97L,MQFKVYTYKRESRYRLFVDVQSDIIDTPGRRMVIPLASARLLSDKVSRELYPVVHIGDESWRMMTTDMASVPVSVIGEEVADLSHRENDIKNAINLLFWGI,-44.0,0
980,R86N,MQFKVYTYKRESRYRLFVDVQSDIIDTPGRRMVIPLASARLLSDKVSRELYPVVHIGDESWRMMTTDMASVPVSVIGEEVADLSHNENDIKNAINLMFWGI,-7.0,1
643,H55K,MQFKVYTYKRESRYRLFVDVQSDIIDTPGRRMVIPLASARLLSDKVSRELYPVVKIGDESWRMMTTDMASVPVSVIGEEVADLSHRENDIKNAINLMFWGI,-8.0,1
622,V54H,MQFKVYTYKRESRYRLFVDVQSDIIDTPGRRMVIPLASARLLSDKVSRELYPVHHIGDESWRMMTTDMASVPVSVIGEEVADLSHRENDIKNAINLMFWGI,-26.0,0
145,L16H,MQFKVYTYKRESRYRHFVDVQSDIIDTPGRRMVIPLASARLLSDKVSRELYPVVHIGDESWRMMTTDMASVPVSVIGEEVADLSHRENDIKNAINLMFWGI,-25.0,0
421,A39R,MQFKVYTYKRESRYRLFVDVQSDIIDTPGRRMVIPLASRRLLSDKVSRELYPVVHIGDESWRMMTTDMASVPVSVIGEEVADLSHRENDIKNAINLMFWGI,-14.0,1
836,S74K,MQFKVYTYKRESRYRLFVDVQSDIIDTPGRRMVIPLASARLLSDKVSRELYPVVHIGDESWRMMTTDMASVPVKVIGEEVADLSHRENDIKNAINLMFWGI,-8.0,1
438,R40H,MQFKVYTYKRESRYRLFVDVQSDIIDTPGRRMVIPLASAHLLSDKVSRELYPVVHIGDESWRMMTTDMASVPVSVIGEEVADLSHRENDIKNAINLMFWGI,-9.0,1
869,G77W,MQFKVYTYKRESRYRLFVDVQSDIIDTPGRRMVIPLASARLLSDKVSRELYPVVHIGDESWRMMTTDMASVPVSVIWEEVADLSHRENDIKNAINLMFWGI,-24.0,0
809,P72W,MQFKVYTYKRESRYRLFVDVQSDIIDTPGRRMVIPLASARLLSDKVSRELYPVVHIGDESWRMMTTDMASVWVSVIGEEVADLSHRENDIKNAINLMFWGI,-13.0,1
57,Y6A,MQFKVATYKRESRYRLFVDVQSDIIDTPGRRMVIPLASARLLSDKVSRELYPVVHIGDESWRMMTTDMASVPVSVIGEEVADLSHRENDIKNAINLMFWGI,-60.0,0
758,D67A,MQFKVYTYKRESRYRLFVDVQSDIIDTPGRRMVIPLASARLLSDKVSRELYPVVHIGDESWRMMTTAMASVPVSVIGEEVADLSHRENDIKNAINLMFWGI,-22.0,0
151,L16T,MQFKVYTYKRESRYRTFVDVQSDIIDTPGRRMVIPLASARLLSDKVSRELYPVVHIGDESWRMMTTDMASVPVSVIGEEVADLSHRENDIKNAINLMFWGI,-25.0,0
157,F17I,MQFKVYTYKRESRYRLIVDVQSDIIDTPGRRMVIPLASARLLSDKVSRELYPVVHIGDESWRMMTTDMASVPVSVIGEEVADLSHRENDIKNAINLMFWGI,-9.0,1
718,M63Y,MQFKVYTYKRESRYRLFVDVQSDIIDTPGRRMVIPLASARLLSDKVSRELYPVVHIGDESWRYMTTDMASVPVSVIGEEVADLSHRENDIKNAINLMFWGI,-54.0,0
1047,N92C,MQFKVYTYKRESRYRLFVDVQSDIIDTPGRRMVIPLASARLLSDKVSRELYPVVHIGDESWRMMTTDMASVPVSVIGEEVADLSHRENDIKCAINLMFWGI,-9.0,1
211,Q21M,MQFKVYTYKRESRYRLFVDVMSDIIDTPGRRMVIPLASARLLSDKVSRELYPVVHIGDESWRMMTTDMASVPVSVIGEEVADLSHRENDIKNAINLMFWGI,-30.0,0
1115,M97T,MQFKVYTYKRESRYRLFVDVQSDIIDTPGRRMVIPLASARLLSDKVSRELYPVVHIGDESWRMMTTDMASVPVSVIGEEVADLSHRENDIKNAINLTFWGI,-44.0,0
196,V20F,MQFKVYTYKRESRYRLFVDFQSDIIDTPGRRMVIPLASARLLSDKVSRELYPVVHIGDESWRMMTTDMASVPVSVIGEEVADLSHRENDIKNAINLMFWGI,-60.0,0
950,S84K,MQFKVYTYKRESRYRLFVDVQSDIIDTPGRRMVIPLASARLLSDKVSRELYPVVHIGDESWRMMTTDMASVPVSVIGEEVADLKHRENDIKNAINLMFWGI,-1.0,1
423,A39V,MQFKVYTYKRESRYRLFVDVQSDIIDTPGRRMVIPLASVRLLSDKVSRELYPVVHIGDESWRMMTTDMASVPVSVIGEEVADLSHRENDIKNAINLMFWGI,-14.0,1
122,R13T,MQFKVYTYKRESTYRLFVDVQSDIIDTPGRRMVIPLASARLLSDKVSRELYPVVHIGDESWRMMTTDMASVPVSVIGEEVADLSHRENDIKNAINLMFWGI,-1.0,1
1014,D89R,MQFKVYTYKRESRYRLFVDVQSDIIDTPGRRMVIPLASARLLSDKVSRELYPVVHIGDESWRMMTTDMASVPVSVIGEEVADLSHRENRIKNAINLMFWGI,-10.0,1
802,V71I,MQFKVYTYKRESRYRLFVDVQSDIIDTPGRRMVIPLASARLLSDKVSRELYPVVHIGDESWRMMTTDMASIPVSVIGEEVADLSHRENDIKNAINLMFWGI,-24.0,0
834,S74H,MQFKVYTYKRESRYRLFVDVQSDIIDTPGRRMVIPLASARLLSDKVSRELYPVVHIGDESWRMMTTDMASVPVHVIGEEVADLSHRENDIKNAINLMFWGI,-8.0,1
183,D19H,MQFKVYTYKRESRYRLFVHVQSDIIDTPGRRMVIPLASARLLSDKVSRELYPVVHIGDESWRMMTTDMASVPVSVIGEEVADLSHRENDIKNAINLMFWGI,-28.0,0
247,I24S,MQFKVYTYKRESRYRLFVDVQSDSIDTPGRRMVIPLASARLLSDKVSRELYPVVHIGDESWRMMTTDMASVPVSVIGEEVADLSHRENDIKNAINLMFWGI,-65.0,0
1134,W99Q,MQFKVYTYKRESRYRLFVDVQSDIIDTPGRRMVIPLASARLLSDKVSRELYPVVHIGDESWRMMTTDMASVPVSVIGEEVADLSHRENDIKNAINLMFQGI,-80.0,0
5,Q2G,MGFKVYTYKRESRYRLFVDVQSDIIDTPGRRMVIPLASARLLSDKVSRELYPVVHIGDESWRMMTTDMASVPVSVIGEEVADLSHRENDIKNAINLMFWGI,-66.0,0
586,Y51M,MQFKVYTYKRESRYRLFVDVQSDIIDTPGRRMVIPLASARLLSDKVSRELMPVVHIGDESWRMMTTDMASVPVSVIGEEVADLSHRENDIKNAINLMFWGI,-7.0,1
899,E79M,MQFKVYTYKRESRYRLFVDVQSDIIDTPGRRMVIPLASARLLSDKVSRELYPVVHIGDESWRMMTTDMASVPVSVIGEMVADLSHRENDIKNAINLMFWGI,-1.0,1
1099,L96K,MQFKVYTYKRESRYRLFVDVQSDIIDTPGRRMVIPLASARLLSDKVSRELYPVVHIGDESWRMMTTDMASVPVSVIGEEVADLSHRENDIKNAINKMFWGI,-8.0,1
926,D82I,MQFKVYTYKRESRYRLFVDVQSDIIDTPGRRMVIPLASARLLSDKVSRELYPVVHIGDESWRMMTTDMASVPVSVIGEEVAILSHRENDIKNAINLMFWGI,-11.0,1
1145,W99M,MQFKVYTYKRESRYRLFVDVQSDIIDTPGRRMVIPLASARLLSDKVSRELYPVVHIGDESWRMMTTDMASVPVSVIGEEVADLSHRENDIKNAINLMFMGI,-80.0,0
365,I34E,MQFKVYTYKRESRYRLFVDVQSDIIDTPGRRMVEPLASARLLSDKVSRELYPVVHIGDESWRMMTTDMASVPVSVIGEEVADLSHRENDIKNAINLMFWGI,-55.0,0
162,V18L,MQFKVYTYKRESRYRLFLDVQSDIIDTPGRRMVIPLASARLLSDKVSRELYPVVHIGDESWRMMTTDMASVPVSVIGEEVADLSHRENDIKNAINLMFWGI,-66.0,0
1132,W99Y,MQFKVYTYKRESRYRLFVDVQSDIIDTPGRRMVIPLASARLLSDKVSRELYPVVHIGDESWRMMTTDMASVPVSVIGEEVADLSHRENDIKNAINLMFYGI,-80.0,0
4,Q2F,MFFKVYTYKRESRYRLFVDVQSDIIDTPGRRMVIPLASARLLSDKVSRELYPVVHIGDESWRMMTTDMASVPVSVIGEEVADLSHRENDIKNAINLMFWGI,-66.0,0
1149,G100F,MQFKVYTYKRESRYRLFVDVQSDIIDTPGRRMVIPLASARLLSDKVSRELYPVVHIGDESWRMMTTDMASVPVSVIGEEVADLSHRENDIKNAINLMFWFI,-87.0,0
1024,K91E,MQFKVYTYKRESRYRLFVDVQSDIIDTPGRRMVIPLASARLLSDKVSRELYPVVHIGDESWRMMTTDMASVPVSVIGEEVADLSHRENDIENAINLMFWGI,-24.0,0
792,S70H,MQFKVYTYKRESRYRLFVDVQSDIIDTPGRRMVIPLASARLLSDKVSRELYPVVHIGDESWRMMTTDMAHVPVSVIGEEVADLSHRENDIKNAINLMFWGI,-7.0,1
658,I56D,MQFKVYTYKRESRYRLFVDVQSDIIDTPGRRMVIPLASARLLSDKVSRELYPVVHDGDESWRMMTTDMASVPVSVIGEEVADLSHRENDIKNAINLMFWGI,-33.0,0
696,S60G,MQFKVYTYKRESRYRLFVDVQSDIIDTPGRRMVIPLASARLLSDKVSRELYPVVHIGDEGWRMMTTDMASVPVSVIGEEVADLSHRENDIKNAINLMFWGI,-13.0,1
329,R31Q,MQFKVYTYKRESRYRLFVDVQSDIIDTPGRQMVIPLASARLLSDKVSRELYPVVHIGDESWRMMTTDMASVPVSVIGEEVADLSHRENDIKNAINLMFWGI,-28.0,0
99,E11G,MQFKVYTYKRGSRYRLFVDVQSDIIDTPGRRMVIPLASARLLSDKVSRELYPVVHIGDESWRMMTTDMASVPVSVIGEEVADLSHRENDIKNAINLMFWGI,-1.0,1
74,Y8A,MQFKVYTAKRESRYRLFVDVQSDIIDTPGRRMVIPLASARLLSDKVSRELYPVVHIGDESWRMMTTDMASVPVSVIGEEVADLSHRENDIKNAINLMFWGI,-19.0,1
826,V73T,MQFKVYTYKRESRYRLFVDVQSDIIDTPGRRMVIPLASARLLSDKVSRELYPVVHIGDESWRMMTTDMASVPTSVIGEEVADLSHRENDIKNAINLMFWGI,-23.0,0
842,S74Y,MQFKVYTYKRESRYRLFVDVQSDIIDTPGRRMVIPLASARLLSDKVSRELYPVVHIGDESWRMMTTDMASVPVYVIGEEVADLSHRENDIKNAINLMFWGI,-8.0,1
1155,G100N,MQFKVYTYKRESRYRLFVDVQSDIIDTPGRRMVIPLASARLLSDKVSRELYPVVHIGDESWRMMTTDMASVPVSVIGEEVADLSHRENDIKNAINLMFWNI,-87.0,0
600,P52M,MQFKVYTYKRESRYRLFVDVQSDIIDTPGRRMVIPLASARLLSDKVSRELYMVVHIGDESWRMMTTDMASVPVSVIGEEVADLSHRENDIKNAINLMFWGI,-46.0,0
1052,A93K,MQFKVYTYKRESRYRLFVDVQSDIIDTPGRRMVIPLASARLLSDKVSRELYPVVHIGDESWRMMTTDMASVPVSVIGEEVADLSHRENDIKNKINLMFWGI,-48.0,0
1044,N92S,MQFKVYTYKRESRYRLFVDVQSDIIDTPGRRMVIPLASARLLSDKVSRELYPVVHIGDESWRMMTTDMASVPVSVIGEEVADLSHRENDIKSAINLMFWGI,-9.0,1
694,S60K,MQFKVYTYKRESRYRLFVDVQSDIIDTPGRRMVIPLASARLLSDKVSRELYPVVHIGDEKWRMMTTDMASVPVSVIGEEVADLSHRENDIKNAINLMFWGI,-13.0,1
1136,W99R,MQFKVYTYKRESRYRLFVDVQSDIIDTPGRRMVIPLASARLLSDKVSRELYPVVHIGDESWRMMTTDMASVPVSVIGEEVADLSHRENDIKNAINLMFRGI,-80.0,0
601,P52L,MQFKVYTYKRESRYRLFVDVQSDIIDTPGRRMVIPLASARLLSDKVSRELYLVVHIGDESWRMMTTDMASVPVSVIGEEVADLSHRENDIKNAINLMFWGI,-46.0,0
762,D67Q,MQFKVYTYKRESRYRLFVDVQSDIIDTPGRRMVIPLASARLLSDKVSRELYPVVHIGDESWRMMTTQMASVPVSVIGEEVADLSHRENDIKNAINLMFWGI,-22.0,0
1043,N92V,MQFKVYTYKRESRYRLFVDVQSDIIDTPGRRMVIPLASARLLSDKVSRELYPVVHIGDESWRMMTTDMASVPVSVIGEEVADLSHRENDIKVAINLMFWGI,-9.0,1
303,G29D,MQFKVYTYKRESRYRLFVDVQSDIIDTPDRRMVIPLASARLLSDKVSRELYPVVHIGDESWRMMTTDMASVPVSVIGEEVADLSHRENDIKNAINLMFWGI,-9.0,1
880,G77N,MQFKVYTYKRESRYRLFVDVQSDIIDTPGRRMVIPLASARLLSDKVSRELYPVVHIGDESWRMMTTDMASVPVSVINEEVADLSHRENDIKNAINLMFWGI,-24.0,0
813,P72N,MQFKVYTYKRESRYRLFVDVQSDIIDTPGRRMVIPLASARLLSDKVSRELYPVVHIGDESWRMMTTDMASVNVSVIGEEVADLSHRENDIKNAINLMFWGI,-13.0,1
1147,G100C,MQFKVYTYKRESRYRLFVDVQSDIIDTPGRRMVIPLASARLLSDKVSRELYPVVHIGDESWRMMTTDMASVPVSVIGEEVADLSHRENDIKNAINLMFWCI,-87.0,0
749,T66M,MQFKVYTYKRESRYRLFVDVQSDIIDTPGRRMVIPLASARLLSDKVSRELYPVVHIGDESWRMMTMDMASVPVSVIGEEVADLSHRENDIKNAINLMFWGI,-36.0,0
1034,K91T,MQFKVYTYKRESRYRLFVDVQSDIIDTPGRRMVIPLASARLLSDKVSRELYPVVHIGDESWRMMTTDMASVPVSVIGEEVADLSHRENDITNAINLMFWGI,-24.0,0
253,I24Y,MQFKVYTYKRESRYRLFVDVQSDYIDTPGRRMVIPLASARLLSDKVSRELYPVVHIGDESWRMMTTDMASVPVSVIGEEVADLSHRENDIKNAINLMFWGI,-65.0,0
1133,W99V,MQFKVYTYKRESRYRLFVDVQSDIIDTPGRRMVIPLASARLLSDKVSRELYPVVHIGDESWRMMTTDMASVPVSVIGEEVADLSHRENDIKNAINLMFVGI,-80.0,0
828,V73N,MQFKVYTYKRESRYRLFVDVQSDIIDTPGRRMVIPLASARLLSDKVSRELYPVVHIGDESWRMMTTDMASVPNSVIGEEVADLSHRENDIKNAINLMFWGI,-23.0,0
102,S12V,MQFKVYTYKREVRYRLFVDVQSDIIDTPGRRMVIPLASARLLSDKVSRELYPVVHIGDESWRMMTTDMASVPVSVIGEEVADLSHRENDIKNAINLMFWGI,-6.0,1
922,D82V,MQFKVYTYKRESRYRLFVDVQSDIIDTPGRRMVIPLASARLLSDKVSRELYPVVHIGDESWRMMTTDMASVPVSVIGEEVAVLSHRENDIKNAINLMFWGI,-11.0,1
968,H85W,MQFKVYTYKRESRYRLFVDVQSDIIDTPGRRMVIPLASARLLSDKVSRELYPVVHIGDESWRMMTTDMASVPVSVIGEEVADLSWRENDIKNAINLMFWGI,-22.0,0
1160,I101N,MQFKVYTYKRESRYRLFVDVQSDIIDTPGRRMVIPLASARLLSDKVSRELYPVVHIGDESWRMMTTDMASVPVSVIGEEVADLSHRENDIKNAINLMFWGN,-31.0,0
402,A37G,MQFKVYTYKRESRYRLFVDVQSDIIDTPGRRMVIPLGSARLLSDKVSRELYPVVHIGDESWRMMTTDMASVPVSVIGEEVADLSHRENDIKNAINLMFWGI,-11.0,1
306,G29K,MQFKVYTYKRESRYRLFVDVQSDIIDTPKRRMVIPLASARLLSDKVSRELYPVVHIGDESWRMMTTDMASVPVSVIGEEVADLSHRENDIKNAINLMFWGI,-9.0,1
1152,G100V,MQFKVYTYKRESRYRLFVDVQSDIIDTPGRRMVIPLASARLLSDKVSRELYPVVHIGDESWRMMTTDMASVPVSVIGEEVADLSHRENDIKNAINLMFWVI,-87.0,0
518,V46D,MQFKVYTYKRESRYRLFVDVQSDIIDTPGRRMVIPLASARLLSDKDSRELYPVVHIGDESWRMMTTDMASVPVSVIGEEVADLSHRENDIKNAINLMFWGI,-12.0,1
1141,W99L,MQFKVYTYKRESRYRLFVDVQSDIIDTPGRRMVIPLASARLLSDKVSRELYPVVHIGDESWRMMTTDMASVPVSVIGEEVADLSHRENDIKNAINLMFLGI,-80.0,0
840,S74T,MQFKVYTYKRESRYRLFVDVQSDIIDTPGRRMVIPLASARLLSDKVSRELYPVVHIGDESWRMMTTDMASVPVTVIGEEVADLSHRENDIKNAINLMFWGI,-8.0,1
895,E78A,MQFKVYTYKRESRYRLFVDVQSDIIDTPGRRMVIPLASARLLSDKVSRELYPVVHIGDESWRMMTTDMASVPVSVIGAEVADLSHRENDIKNAINLMFWGI,-1.0,1
970,R86Y,MQFKVYTYKRESRYRLFVDVQSDIIDTPGRRMVIPLASARLLSDKVSRELYPVVHIGDESWRMMTTDMASVPVSVIGEEVADLSHYENDIKNAINLMFWGI,-7.0,1
605,P52D,MQFKVYTYKRESRYRLFVDVQSDIIDTPGRRMVIPLASARLLSDKVSRELYDVVHIGDESWRMMTTDMASVPVSVIGEEVADLSHRENDIKNAINLMFWGI,-46.0,0
527,S47Q,MQFKVYTYKRESRYRLFVDVQSDIIDTPGRRMVIPLASARLLSDKVQRELYPVVHIGDESWRMMTTDMASVPVSVIGEEVADLSHRENDIKNAINLMFWGI,-15.0,1
764,M68E,MQFKVYTYKRESRYRLFVDVQSDIIDTPGRRMVIPLASARLLSDKVSRELYPVVHIGDESWRMMTTDEASVPVSVIGEEVADLSHRENDIKNAINLMFWGI,-61.0,0
1122,F98H,MQFKVYTYKRESRYRLFVDVQSDIIDTPGRRMVIPLASARLLSDKVSRELYPVVHIGDESWRMMTTDMASVPVSVIGEEVADLSHRENDIKNAINLMHWGI,-85.0,0
71,Y8H,MQFKVYTHKRESRYRLFVDVQSDIIDTPGRRMVIPLASARLLSDKVSRELYPVVHIGDESWRMMTTDMASVPVSVIGEEVADLSHRENDIKNAINLMFWGI,-19.0,1
271,D26M,MQFKVYTYKRESRYRLFVDVQSDIIMTPGRRMVIPLASARLLSDKVSRELYPVVHIGDESWRMMTTDMASVPVSVIGEEVADLSHRENDIKNAINLMFWGI,-9.0,1
21,F3H,MQHKVYTYKRESRYRLFVDVQSDIIDTPGRRMVIPLASARLLSDKVSRELYPVVHIGDESWRMMTTDMASVPVSVIGEEVADLSHRENDIKNAINLMFWGI,-57.0,0
480,S43P,MQFKVYTYKRESRYRLFVDVQSDIIDTPGRRMVIPLASARLLPDKVSRELYPVVHIGDESWRMMTTDMASVPVSVIGEEVADLSHRENDIKNAINLMFWGI,-14.0,1
500,K45G,MQFKVYTYKRESRYRLFVDVQSDIIDTPGRRMVIPLASARLLSDGVSRELYPVVHIGDESWRMMTTDMASVPVSVIGEEVADLSHRENDIKNAINLMFWGI,-1.0,1
536,R48C,MQFKVYTYKRESRYRLFVDVQSDIIDTPGRRMVIPLASARLLSDKVSCELYPVVHIGDESWRMMTTDMASVPVSVIGEEVADLSHRENDIKNAINLMFWGI,-1.0,1
660,I56P,MQFKVYTYKRESRYRLFVDVQSDIIDTPGRRMVIPLASARLLSDKVSRELYPVVHPGDESWRMMTTDMASVPVSVIGEEVADLSHRENDIKNAINLMFWGI,-33.0,0
928,D82C,MQFKVYTYKRESRYRLFVDVQSDIIDTPGRRMVIPLASARLLSDKVSRELYPVVHIGDESWRMMTTDMASVPVSVIGEEVACLSHRENDIKNAINLMFWGI,-11.0,1
997,E87C,MQFKVYTYKRESRYRLFVDVQSDIIDTPGRRMVIPLASARLLSDKVSRELYPVVHIGDESWRMMTTDMASVPVSVIGEEVADLSHRCNDIKNAINLMFWGI,-21.0,0
36,V5K,MQFKKYTYKRESRYRLFVDVQSDIIDTPGRRMVIPLASARLLSDKVSRELYPVVHIGDESWRMMTTDMASVPVSVIGEEVADLSHRENDIKNAINLMFWGI,-73.0,0
697,S60F,MQFKVYTYKRESRYRLFVDVQSDIIDTPGRRMVIPLASARLLSDKVSRELYPVVHIGDEFWRMMTTDMASVPVSVIGEEVADLSHRENDIKNAINLMFWGI,-13.0,1
722,M63I,MQFKVYTYKRESRYRLFVDVQSDIIDTPGRRMVIPLASARLLSDKVSRELYPVVHIGDESWRIMTTDMASVPVSVIGEEVADLSHRENDIKNAINLMFWGI,-54.0,0
674,D58W,MQFKVYTYKRESRYRLFVDVQSDIIDTPGRRMVIPLASARLLSDKVSRELYPVVHIGWESWRMMTTDMASVPVSVIGEEVADLSHRENDIKNAINLMFWGI,-1.0,1
1059,A93S,MQFKVYTYKRESRYRLFVDVQSDIIDTPGRRMVIPLASARLLSDKVSRELYPVVHIGDESWRMMTTDMASVPVSVIGEEVADLSHRENDIKNSINLMFWGI,-48.0,0
592,P52C,MQFKVYTYKRESRYRLFVDVQSDIIDTPGRRMVIPLASARLLSDKVSRELYCVVHIGDESWRMMTTDMASVPVSVIGEEVADLSHRENDIKNAINLMFWGI,-46.0,0
412,S38R,MQFKVYTYKRESRYRLFVDVQSDIIDTPGRRMVIPLARARLLSDKVSRELYPVVHIGDESWRMMTTDMASVPVSVIGEEVADLSHRENDIKNAINLMFWGI,-1.0,1
261,I25F,MQFKVYTYKRESRYRLFVDVQSDIFDTPGRRMVIPLASARLLSDKVSRELYPVVHIGDESWRMMTTDMASVPVSVIGEEVADLSHRENDIKNAINLMFWGI,-16.0,1
728,M63D,MQFKVYTYKRESRYRLFVDVQSDIIDTPGRRMVIPLASARLLSDKVSRELYPVVHIGDESWRDMTTDMASVPVSVIGEEVADLSHRENDIKNAINLMFWGI,-54.0,0
443,R40M,MQFKVYTYKRESRYRLFVDVQSDIIDTPGRRMVIPLASAMLLSDKVSRELYPVVHIGDESWRMMTTDMASVPVSVIGEEVADLSHRENDIKNAINLMFWGI,-9.0,1
640,H55Y,MQFKVYTYKRESRYRLFVDVQSDIIDTPGRRMVIPLASARLLSDKVSRELYPVVYIGDESWRMMTTDMASVPVSVIGEEVADLSHRENDIKNAINLMFWGI,-8.0,1
3,Q2E,MEFKVYTYKRESRYRLFVDVQSDIIDTPGRRMVIPLASARLLSDKVSRELYPVVHIGDESWRMMTTDMASVPVSVIGEEVADLSHRENDIKNAINLMFWGI,-66.0,0
180,D19W,MQFKVYTYKRESRYRLFVWVQSDIIDTPGRRMVIPLASARLLSDKVSRELYPVVHIGDESWRMMTTDMASVPVSVIGEEVADLSHRENDIKNAINLMFWGI,-28.0,0
223,S22R,MQFKVYTYKRESRYRLFVDVQRDIIDTPGRRMVIPLASARLLSDKVSRELYPVVHIGDESWRMMTTDMASVPVSVIGEEVADLSHRENDIKNAINLMFWGI,-61.0,0
595,P52V,MQFKVYTYKRESRYRLFVDVQSDIIDTPGRRMVIPLASARLLSDKVSRELYVVVHIGDESWRMMTTDMASVPVSVIGEEVADLSHRENDIKNAINLMFWGI,-46.0,0
701,W61K,MQFKVYTYKRESRYRLFVDVQSDIIDTPGRRMVIPLASARLLSDKVSRELYPVVHIGDESKRMMTTDMASVPVSVIGEEVADLSHRENDIKNAINLMFWGI,-15.0,1
721,M63R,MQFKVYTYKRESRYRLFVDVQSDIIDTPGRRMVIPLASARLLSDKVSRELYPVVHIGDESWRRMTTDMASVPVSVIGEEVADLSHRENDIKNAINLMFWGI,-54.0,0
991,E87N,MQFKVYTYKRESRYRLFVDVQSDIIDTPGRRMVIPLASARLLSDKVSRELYPVVHIGDESWRMMTTDMASVPVSVIGEEVADLSHRNNDIKNAINLMFWGI,-21.0,0
393,A37Y,MQFKVYTYKRESRYRLFVDVQSDIIDTPGRRMVIPLYSARLLSDKVSRELYPVVHIGDESWRMMTTDMASVPVSVIGEEVADLSHRENDIKNAINLMFWGI,-11.0,1
1091,N95T,MQFKVYTYKRESRYRLFVDVQSDIIDTPGRRMVIPLASARLLSDKVSRELYPVVHIGDESWRMMTTDMASVPVSVIGEEVADLSHRENDIKNAITLMFWGI,-44.0,0
46,Y6Q,MQFKVQTYKRESRYRLFVDVQSDIIDTPGRRMVIPLASARLLSDKVSRELYPVVHIGDESWRMMTTDMASVPVSVIGEEVADLSHRENDIKNAINLMFWGI,-60.0,0
188,V20S,MQFKVYTYKRESRYRLFVDSQSDIIDTPGRRMVIPLASARLLSDKVSRELYPVVHIGDESWRMMTTDMASVPVSVIGEEVADLSHRENDIKNAINLMFWGI,-60.0,0
39,V5Q,MQFKQYTYKRESRYRLFVDVQSDIIDTPGRRMVIPLASARLLSDKVSRELYPVVHIGDESWRMMTTDMASVPVSVIGEEVADLSHRENDIKNAINLMFWGI,-73.0,0
974,R86E,MQFKVYTYKRESRYRLFVDVQSDIIDTPGRRMVIPLASARLLSDKVSRELYPVVHIGDESWRMMTTDMASVPVSVIGEEVADLSHEENDIKNAINLMFWGI,-7.0,1
546,R48I,MQFKVYTYKRESRYRLFVDVQSDIIDTPGRRMVIPLASARLLSDKVSIELYPVVHIGDESWRMMTTDMASVPVSVIGEEVADLSHRENDIKNAINLMFWGI,-1.0,1
226,S22E,MQFKVYTYKRESRYRLFVDVQEDIIDTPGRRMVIPLASARLLSDKVSRELYPVVHIGDESWRMMTTDMASVPVSVIGEEVADLSHRENDIKNAINLMFWGI,-61.0,0
619,V53D,MQFKVYTYKRESRYRLFVDVQSDIIDTPGRRMVIPLASARLLSDKVSRELYPDVHIGDESWRMMTTDMASVPVSVIGEEVADLSHRENDIKNAINLMFWGI,-13.0,1
374,P35S,MQFKVYTYKRESRYRLFVDVQSDIIDTPGRRMVISLASARLLSDKVSRELYPVVHIGDESWRMMTTDMASVPVSVIGEEVADLSHRENDIKNAINLMFWGI,-63.0,0
732,M64A,MQFKVYTYKRESRYRLFVDVQSDIIDTPGRRMVIPLASARLLSDKVSRELYPVVHIGDESWRMATTDMASVPVSVIGEEVADLSHRENDIKNAINLMFWGI,-21.0,0
93,E11C,MQFKVYTYKRCSRYRLFVDVQSDIIDTPGRRMVIPLASARLLSDKVSRELYPVVHIGDESWRMMTTDMASVPVSVIGEEVADLSHRENDIKNAINLMFWGI,-1.0,1
684,E59R,MQFKVYTYKRESRYRLFVDVQSDIIDTPGRRMVIPLASARLLSDKVSRELYPVVHIGDRSWRMMTTDMASVPVSVIGEEVADLSHRENDIKNAINLMFWGI,-16.0,1
1057,A93D,MQFKVYTYKRESRYRLFVDVQSDIIDTPGRRMVIPLASARLLSDKVSRELYPVVHIGDESWRMMTTDMASVPVSVIGEEVADLSHRENDIKNDINLMFWGI,-48.0,0
440,R40D,MQFKVYTYKRESRYRLFVDVQSDIIDTPGRRMVIPLASADLLSDKVSRELYPVVHIGDESWRMMTTDMASVPVSVIGEEVADLSHRENDIKNAINLMFWGI,-9.0,1
700,W61G,MQFKVYTYKRESRYRLFVDVQSDIIDTPGRRMVIPLASARLLSDKVSRELYPVVHIGDESGRMMTTDMASVPVSVIGEEVADLSHRENDIKNAINLMFWGI,-15.0,1
699,W61C,MQFKVYTYKRESRYRLFVDVQSDIIDTPGRRMVIPLASARLLSDKVSRELYPVVHIGDESCRMMTTDMASVPVSVIGEEVADLSHRENDIKNAINLMFWGI,-15.0,1
593,P52Y,MQFKVYTYKRESRYRLFVDVQSDIIDTPGRRMVIPLASARLLSDKVSRELYYVVHIGDESWRMMTTDMASVPVSVIGEEVADLSHRENDIKNAINLMFWGI,-46.0,0
744,T65E,MQFKVYTYKRESRYRLFVDVQSDIIDTPGRRMVIPLASARLLSDKVSRELYPVVHIGDESWRMMETDMASVPVSVIGEEVADLSHRENDIKNAINLMFWGI,-46.0,0
285,T27L,MQFKVYTYKRESRYRLFVDVQSDIIDLPGRRMVIPLASARLLSDKVSRELYPVVHIGDESWRMMTTDMASVPVSVIGEEVADLSHRENDIKNAINLMFWGI,-1.0,1
568,L50M,MQFKVYTYKRESRYRLFVDVQSDIIDTPGRRMVIPLASARLLSDKVSREMYPVVHIGDESWRMMTTDMASVPVSVIGEEVADLSHRENDIKNAINLMFWGI,-42.0,0
923,D82S,MQFKVYTYKRESRYRLFVDVQSDIIDTPGRRMVIPLASARLLSDKVSRELYPVVHIGDESWRMMTTDMASVPVSVIGEEVASLSHRENDIKNAINLMFWGI,-11.0,1
403,A37F,MQFKVYTYKRESRYRLFVDVQSDIIDTPGRRMVIPLFSARLLSDKVSRELYPVVHIGDESWRMMTTDMASVPVSVIGEEVADLSHRENDIKNAINLMFWGI,-11.0,1
372,P35I,MQFKVYTYKRESRYRLFVDVQSDIIDTPGRRMVIILASARLLSDKVSRELYPVVHIGDESWRMMTTDMASVPVSVIGEEVADLSHRENDIKNAINLMFWGI,-63.0,0
64,T7W,MQFKVYWYKRESRYRLFVDVQSDIIDTPGRRMVIPLASARLLSDKVSRELYPVVHIGDESWRMMTTDMASVPVSVIGEEVADLSHRENDIKNAINLMFWGI,-16.0,1
714,R62Q,MQFKVYTYKRESRYRLFVDVQSDIIDTPGRRMVIPLASARLLSDKVSRELYPVVHIGDESWQMMTTDMASVPVSVIGEEVADLSHRENDIKNAINLMFWGI,-18.0,1
519,V46A,MQFKVYTYKRESRYRLFVDVQSDIIDTPGRRMVIPLASARLLSDKASRELYPVVHIGDESWRMMTTDMASVPVSVIGEEVADLSHRENDIKNAINLMFWGI,-12.0,1
1159,I101M,MQFKVYTYKRESRYRLFVDVQSDIIDTPGRRMVIPLASARLLSDKVSRELYPVVHIGDESWRMMTTDMASVPVSVIGEEVADLSHRENDIKNAINLMFWGM,-31.0,0
482,D44M,MQFKVYTYKRESRYRLFVDVQSDIIDTPGRRMVIPLASARLLSMKVSRELYPVVHIGDESWRMMTTDMASVPVSVIGEEVADLSHRENDIKNAINLMFWGI,-1.0,1
864,I76N,MQFKVYTYKRESRYRLFVDVQSDIIDTPGRRMVIPLASARLLSDKVSRELYPVVHIGDESWRMMTTDMASVPVSVNGEEVADLSHRENDIKNAINLMFWGI,-1.0,1
953,S84R,MQFKVYTYKRESRYRLFVDVQSDIIDTPGRRMVIPLASARLLSDKVSRELYPVVHIGDESWRMMTTDMASVPVSVIGEEVADLRHRENDIKNAINLMFWGI,-1.0,1
687,E59N,MQFKVYTYKRESRYRLFVDVQSDIIDTPGRRMVIPLASARLLSDKVSRELYPVVHIGDNSWRMMTTDMASVPVSVIGEEVADLSHRENDIKNAINLMFWGI,-16.0,1
481,S43R,MQFKVYTYKRESRYRLFVDVQSDIIDTPGRRMVIPLASARLLRDKVSRELYPVVHIGDESWRMMTTDMASVPVSVIGEEVADLSHRENDIKNAINLMFWGI,-14.0,1
977,R86I,MQFKVYTYKRESRYRLFVDVQSDIIDTPGRRMVIPLASARLLSDKVSRELYPVVHIGDESWRMMTTDMASVPVSVIGEEVADLSHIENDIKNAINLMFWGI,-7.0,1
417,S38P,MQFKVYTYKRESRYRLFVDVQSDIIDTPGRRMVIPLAPARLLSDKVSRELYPVVHIGDESWRMMTTDMASVPVSVIGEEVADLSHRENDIKNAINLMFWGI,-1.0,1
345,V33Q,MQFKVYTYKRESRYRLFVDVQSDIIDTPGRRMQIPLASARLLSDKVSRELYPVVHIGDESWRMMTTDMASVPVSVIGEEVADLSHRENDIKNAINLMFWGI,-22.0,0
62,T7L,MQFKVYLYKRESRYRLFVDVQSDIIDTPGRRMVIPLASARLLSDKVSRELYPVVHIGDESWRMMTTDMASVPVSVIGEEVADLSHRENDIKNAINLMFWGI,-16.0,1
960,H85C,MQFKVYTYKRESRYRLFVDVQSDIIDTPGRRMVIPLASARLLSDKVSRELYPVVHIGDESWRMMTTDMASVPVSVIGEEVADLSCRENDIKNAINLMFWGI,-22.0,0
657,I56F,MQFKVYTYKRESRYRLFVDVQSDIIDTPGRRMVIPLASARLLSDKVSRELYPVVHFGDESWRMMTTDMASVPVSVIGEEVADLSHRENDIKNAINLMFWGI,-33.0,0
425,A39Y,MQFKVYTYKRESRYRLFVDVQSDIIDTPGRRMVIPLASYRLLSDKVSRELYPVVHIGDESWRMMTTDMASVPVSVIGEEVADLSHRENDIKNAINLMFWGI,-14.0,1
788,S70V,MQFKVYTYKRESRYRLFVDVQSDIIDTPGRRMVIPLASARLLSDKVSRELYPVVHIGDESWRMMTTDMAVVPVSVIGEEVADLSHRENDIKNAINLMFWGI,-7.0,1
129,R15D,MQFKVYTYKRESRYDLFVDVQSDIIDTPGRRMVIPLASARLLSDKVSRELYPVVHIGDESWRMMTTDMASVPVSVIGEEVADLSHRENDIKNAINLMFWGI,-7.0,1
689,E59F,MQFKVYTYKRESRYRLFVDVQSDIIDTPGRRMVIPLASARLLSDKVSRELYPVVHIGDFSWRMMTTDMASVPVSVIGEEVADLSHRENDIKNAINLMFWGI,-16.0,1
375,P35Q,MQFKVYTYKRESRYRLFVDVQSDIIDTPGRRMVIQLASARLLSDKVSRELYPVVHIGDESWRMMTTDMASVPVSVIGEEVADLSHRENDIKNAINLMFWGI,-63.0,0
1095,L96R,MQFKVYTYKRESRYRLFVDVQSDIIDTPGRRMVIPLASARLLSDKVSRELYPVVHIGDESWRMMTTDMASVPVSVIGEEVADLSHRENDIKNAINRMFWGI,-8.0,1
451,L41Y,MQFKVYTYKRESRYRLFVDVQSDIIDTPGRRMVIPLASARYLSDKVSRELYPVVHIGDESWRMMTTDMASVPVSVIGEEVADLSHRENDIKNAINLMFWGI,-18.0,1
59,T7V,MQFKVYVYKRESRYRLFVDVQSDIIDTPGRRMVIPLASARLLSDKVSRELYPVVHIGDESWRMMTTDMASVPVSVIGEEVADLSHRENDIKNAINLMFWGI,-16.0,1
195,V20E,MQFKVYTYKRESRYRLFVDEQSDIIDTPGRRMVIPLASARLLSDKVSRELYPVVHIGDESWRMMTTDMASVPVSVIGEEVADLSHRENDIKNAINLMFWGI,-60.0,0
707,W61P,MQFKVYTYKRESRYRLFVDVQSDIIDTPGRRMVIPLASARLLSDKVSRELYPVVHIGDESPRMMTTDMASVPVSVIGEEVADLSHRENDIKNAINLMFWGI,-15.0,1
1081,N95D,MQFKVYTYKRESRYRLFVDVQSDIIDTPGRRMVIPLASARLLSDKVSRELYPVVHIGDESWRMMTTDMASVPVSVIGEEVADLSHRENDIKNAIDLMFWGI,-44.0,0
1063,I94Y,MQFKVYTYKRESRYRLFVDVQSDIIDTPGRRMVIPLASARLLSDKVSRELYPVVHIGDESWRMMTTDMASVPVSVIGEEVADLSHRENDIKNAYNLMFWGI,-57.0,0
757,D67P,MQFKVYTYKRESRYRLFVDVQSDIIDTPGRRMVIPLASARLLSDKVSRELYPVVHIGDESWRMMTTPMASVPVSVIGEEVADLSHRENDIKNAINLMFWGI,-22.0,0
1009,D89I,MQFKVYTYKRESRYRLFVDVQSDIIDTPGRRMVIPLASARLLSDKVSRELYPVVHIGDESWRMMTTDMASVPVSVIGEEVADLSHRENIIKNAINLMFWGI,-10.0,1
843,S74L,MQFKVYTYKRESRYRLFVDVQSDIIDTPGRRMVIPLASARLLSDKVSRELYPVVHIGDESWRMMTTDMASVPVLVIGEEVADLSHRENDIKNAINLMFWGI,-8.0,1
176,V18P,MQFKVYTYKRESRYRLFPDVQSDIIDTPGRRMVIPLASARLLSDKVSRELYPVVHIGDESWRMMTTDMASVPVSVIGEEVADLSHRENDIKNAINLMFWGI,-66.0,0
759,D67S,MQFKVYTYKRESRYRLFVDVQSDIIDTPGRRMVIPLASARLLSDKVSRELYPVVHIGDESWRMMTTSMASVPVSVIGEEVADLSHRENDIKNAINLMFWGI,-22.0,0
262,I25H,MQFKVYTYKRESRYRLFVDVQSDIHDTPGRRMVIPLASARLLSDKVSRELYPVVHIGDESWRMMTTDMASVPVSVIGEEVADLSHRENDIKNAINLMFWGI,-16.0,1
357,I34Y,MQFKVYTYKRESRYRLFVDVQSDIIDTPGRRMVYPLASARLLSDKVSRELYPVVHIGDESWRMMTTDMASVPVSVIGEEVADLSHRENDIKNAINLMFWGI,-55.0,0
827,V73Y,MQFKVYTYKRESRYRLFVDVQSDIIDTPGRRMVIPLASARLLSDKVSRELYPVVHIGDESWRMMTTDMASVPYSVIGEEVADLSHRENDIKNAINLMFWGI,-23.0,0
66,Y8W,MQFKVYTWKRESRYRLFVDVQSDIIDTPGRRMVIPLASARLLSDKVSRELYPVVHIGDESWRMMTTDMASVPVSVIGEEVADLSHRENDIKNAINLMFWGI,-19.0,1
282,T27R,MQFKVYTYKRESRYRLFVDVQSDIIDRPGRRMVIPLASARLLSDKVSRELYPVVHIGDESWRMMTTDMASVPVSVIGEEVADLSHRENDIKNAINLMFWGI,-1.0,1
201,Q21I,MQFKVYTYKRESRYRLFVDVISDIIDTPGRRMVIPLASARLLSDKVSRELYPVVHIGDESWRMMTTDMASVPVSVIGEEVADLSHRENDIKNAINLMFWGI,-30.0,0
1080,N95A,MQFKVYTYKRESRYRLFVDVQSDIIDTPGRRMVIPLASARLLSDKVSRELYPVVHIGDESWRMMTTDMASVPVSVIGEEVADLSHRENDIKNAIALMFWGI,-44.0,0
257,I25W,MQFKVYTYKRESRYRLFVDVQSDIWDTPGRRMVIPLASARLLSDKVSRELYPVVHIGDESWRMMTTDMASVPVSVIGEEVADLSHRENDIKNAINLMFWGI,-16.0,1
1093,L96V,MQFKVYTYKRESRYRLFVDVQSDIIDTPGRRMVIPLASARLLSDKVSRELYPVVHIGDESWRMMTTDMASVPVSVIGEEVADLSHRENDIKNAINVMFWGI,-8.0,1
944,S84E,MQFKVYTYKRESRYRLFVDVQSDIIDTPGRRMVIPLASARLLSDKVSRELYPVVHIGDESWRMMTTDMASVPVSVIGEEVADLEHRENDIKNAINLMFWGI,-1.0,1
754,T66A,MQFKVYTYKRESRYRLFVDVQSDIIDTPGRRMVIPLASARLLSDKVSRELYPVVHIGDESWRMMTADMASVPVSVIGEEVADLSHRENDIKNAINLMFWGI,-36.0,0
19,F3E,MQEKVYTYKRESRYRLFVDVQSDIIDTPGRRMVIPLASARLLSDKVSRELYPVVHIGDESWRMMTTDMASVPVSVIGEEVADLSHRENDIKNAINLMFWGI,-57.0,0
310,G29Q,MQFKVYTYKRESRYRLFVDVQSDIIDTPQRRMVIPLASARLLSDKVSRELYPVVHIGDESWRMMTTDMASVPVSVIGEEVADLSHRENDIKNAINLMFWGI,-9.0,1
167,V18W,MQFKVYTYKRESRYRLFWDVQSDIIDTPGRRMVIPLASARLLSDKVSRELYPVVHIGDESWRMMTTDMASVPVSVIGEEVADLSHRENDIKNAINLMFWGI,-66.0,0
313,G29Y,MQFKVYTYKRESRYRLFVDVQSDIIDTPYRRMVIPLASARLLSDKVSRELYPVVHIGDESWRMMTTDMASVPVSVIGEEVADLSHRENDIKNAINLMFWGI,-9.0,1
598,P52Q,MQFKVYTYKRESRYRLFVDVQSDIIDTPGRRMVIPLASARLLSDKVSRELYQVVHIGDESWRMMTTDMASVPVSVIGEEVADLSHRENDIKNAINLMFWGI,-46.0,0
17,F3I,MQIKVYTYKRESRYRLFVDVQSDIIDTPGRRMVIPLASARLLSDKVSRELYPVVHIGDESWRMMTTDMASVPVSVIGEEVADLSHRENDIKNAINLMFWGI,-57.0,0
1006,D89S,MQFKVYTYKRESRYRLFVDVQSDIIDTPGRRMVIPLASARLLSDKVSRELYPVVHIGDESWRMMTTDMASVPVSVIGEEVADLSHRENSIKNAINLMFWGI,-10.0,1
1104,M97R,MQFKVYTYKRESRYRLFVDVQSDIIDTPGRRMVIPLASARLLSDKVSRELYPVVHIGDESWRMMTTDMASVPVSVIGEEVADLSHRENDIKNAINLRFWGI,-44.0,0
1019,I90H,MQFKVYTYKRESRYRLFVDVQSDIIDTPGRRMVIPLASARLLSDKVSRELYPVVHIGDESWRMMTTDMASVPVSVIGEEVADLSHRENDHKNAINLMFWGI,-68.0,0
1035,K91A,MQFKVYTYKRESRYRLFVDVQSDIIDTPGRRMVIPLASARLLSDKVSRELYPVVHIGDESWRMMTTDMASVPVSVIGEEVADLSHRENDIANAINLMFWGI,-24.0,0
597,P52S,MQFKVYTYKRESRYRLFVDVQSDIIDTPGRRMVIPLASARLLSDKVSRELYSVVHIGDESWRMMTTDMASVPVSVIGEEVADLSHRENDIKNAINLMFWGI,-46.0,0
324,R31F,MQFKVYTYKRESRYRLFVDVQSDIIDTPGRFMVIPLASARLLSDKVSRELYPVVHIGDESWRMMTTDMASVPVSVIGEEVADLSHRENDIKNAINLMFWGI,-28.0,0
820,V73G,MQFKVYTYKRESRYRLFVDVQSDIIDTPGRRMVIPLASARLLSDKVSRELYPVVHIGDESWRMMTTDMASVPGSVIGEEVADLSHRENDIKNAINLMFWGI,-23.0,0
248,I24F,MQFKVYTYKRESRYRLFVDVQSDFIDTPGRRMVIPLASARLLSDKVSRELYPVVHIGDESWRMMTTDMASVPVSVIGEEVADLSHRENDIKNAINLMFWGI,-65.0,0
569,L50H,MQFKVYTYKRESRYRLFVDVQSDIIDTPGRRMVIPLASARLLSDKVSREHYPVVHIGDESWRMMTTDMASVPVSVIGEEVADLSHRENDIKNAINLMFWGI,-42.0,0
67,Y8Q,MQFKVYTQKRESRYRLFVDVQSDIIDTPGRRMVIPLASARLLSDKVSRELYPVVHIGDESWRMMTTDMASVPVSVIGEEVADLSHRENDIKNAINLMFWGI,-19.0,1
33,V5D,MQFKDYTYKRESRYRLFVDVQSDIIDTPGRRMVIPLASARLLSDKVSRELYPVVHIGDESWRMMTTDMASVPVSVIGEEVADLSHRENDIKNAINLMFWGI,-73.0,0
565,L50S,MQFKVYTYKRESRYRLFVDVQSDIIDTPGRRMVIPLASARLLSDKVSRESYPVVHIGDESWRMMTTDMASVPVSVIGEEVADLSHRENDIKNAINLMFWGI,-42.0,0
692,S60M,MQFKVYTYKRESRYRLFVDVQSDIIDTPGRRMVIPLASARLLSDKVSRELYPVVHIGDEMWRMMTTDMASVPVSVIGEEVADLSHRENDIKNAINLMFWGI,-13.0,1
1045,N92H,MQFKVYTYKRESRYRLFVDVQSDIIDTPGRRMVIPLASARLLSDKVSRELYPVVHIGDESWRMMTTDMASVPVSVIGEEVADLSHRENDIKHAINLMFWGI,-9.0,1
